{"cameraMode":{"drawMode":0,"name":"Shaded","section":"Shading Mode"},"sceneLighting":false,"audioPlay":false,"sceneViewState":{"m_AlwaysRefresh":false,"showFog":true,"showSkybox":false,"showFlares":true,"showImageEffects":true,"showParticleSystems":true,"showVisualEffectGraphs":true,"m_FxEnabled":true},"in2DMode":false,"pivot":{"x":0.002332717180252075,"y":0.488178551197052,"z":-0.21521127223968507},"rotation":{"x":0.0928843542933464,"y":-0.8468664884567261,"z":0.1575167179107666,"w":0.49937984347343447},"size":1.010013461112976,"orthographic":false}