{"cameraMode":{"drawMode":0,"name":"Shaded","section":"Shading Mode"},"sceneLighting":false,"audioPlay":false,"sceneViewState":{"m_AlwaysRefresh":false,"showFog":true,"showSkybox":false,"showFlares":true,"showImageEffects":true,"showParticleSystems":true,"showVisualEffectGraphs":true,"m_FxEnabled":true},"in2DMode":false,"pivot":{"x":0.024189934134483339,"y":0.6961146593093872,"z":0.03862188756465912},"rotation":{"x":0.0928843542933464,"y":-0.8468664884567261,"z":0.1575167179107666,"w":0.49937984347343447},"size":0.8551511168479919,"orthographic":false}