{"cameraMode":{"drawMode":0,"name":"Shaded","section":"Shading Mode"},"sceneLighting":false,"audioPlay":false,"sceneViewState":{"m_AlwaysRefresh":false,"showFog":true,"showSkybox":false,"showFlares":true,"showImageEffects":true,"showParticleSystems":true,"showVisualEffectGraphs":true,"m_FxEnabled":true},"in2DMode":false,"pivot":{"x":-0.27341800928115847,"y":-0.06352058053016663,"z":0.02257239818572998},"rotation":{"x":-0.06686334311962128,"y":-0.8111057281494141,"z":-0.09459679573774338,"w":0.5733155012130737},"size":0.49665454030036929,"orthographic":false}