{"cameraMode":{"drawMode":0,"name":"Shaded","section":"Shading Mode"},"sceneLighting":false,"audioPlay":false,"sceneViewState":{"m_AlwaysRefresh":false,"showFog":true,"showSkybox":false,"showFlares":true,"showImageEffects":true,"showParticleSystems":true,"showVisualEffectGraphs":true,"m_FxEnabled":true},"in2DMode":false,"pivot":{"x":0.0489690899848938,"y":0.3036234378814697,"z":-5.960464477539063e-8},"rotation":{"x":0.026957914233207704,"y":-0.967120349407196,"z":0.11602406203746796,"w":0.2247074842453003},"size":1.1063799858093262,"orthographic":false}