{"cameraMode":{"drawMode":0,"name":"Shaded","section":"Shading Mode"},"sceneLighting":false,"audioPlay":false,"sceneViewState":{"m_AlwaysRefresh":false,"showFog":true,"showSkybox":false,"showFlares":true,"showImageEffects":true,"showParticleSystems":true,"showVisualEffectGraphs":true,"m_FxEnabled":true},"in2DMode":false,"pivot":{"x":1.1920928955078126e-7,"y":0.15015777945518495,"z":-0.0000036954879760742189},"rotation":{"x":-0.2429565191268921,"y":-0.42316335439682009,"z":0.11889459192752838,"w":-0.8647439479827881},"size":1.4151047468185425,"orthographic":false}