{"cameraMode":{"drawMode":0,"name":"Shaded","section":"Shading Mode"},"sceneLighting":false,"audioPlay":false,"sceneViewState":{"m_AlwaysRefresh":false,"showFog":true,"showSkybox":false,"showFlares":true,"showImageEffects":true,"showParticleSystems":true,"showVisualEffectGraphs":true,"m_FxEnabled":true},"in2DMode":false,"pivot":{"x":-0.2332840859889984,"y":0.3810866177082062,"z":-0.23600220680236817},"rotation":{"x":0.026957914233207704,"y":-0.967120349407196,"z":0.11602406203746796,"w":0.2247074842453003},"size":1.0214635133743287,"orthographic":false}