{"cameraMode":{"drawMode":0,"name":"Shaded","section":"Shading Mode"},"sceneLighting":false,"audioPlay":false,"sceneViewState":{"m_AlwaysRefresh":false,"showFog":true,"showSkybox":false,"showFlares":true,"showImageEffects":true,"showParticleSystems":true,"showVisualEffectGraphs":true,"m_FxEnabled":true},"in2DMode":false,"pivot":{"x":3.725290298461914e-9,"y":0.2865000069141388,"z":0.009799987077713013},"rotation":{"x":0.0928843542933464,"y":-0.8468664884567261,"z":0.1575167179107666,"w":0.49937984347343447},"size":0.48422133922576907,"orthographic":false}