{"cameraMode":{"drawMode":0,"name":"Shaded","section":"Shading Mode"},"sceneLighting":false,"audioPlay":false,"sceneViewState":{"m_AlwaysRefresh":false,"showFog":true,"showSkybox":false,"showFlares":true,"showImageEffects":true,"showParticleSystems":true,"showVisualEffectGraphs":true,"m_FxEnabled":true},"in2DMode":false,"pivot":{"x":-0.597983717918396,"y":1.1327881813049317,"z":0.34358036518096926},"rotation":{"x":0.44776636362075808,"y":0.18016943335533143,"z":-0.0926329493522644,"w":0.8708980083465576},"size":2.061148166656494,"orthographic":false}